iso_code,continent,Country,date,total_cases,new_cases,new_cases_smoothed,total_deaths,new_deaths,new_deaths_smoothed,total_cases_per_million,new_cases_per_million,new_cases_smoothed_per_million,total_deaths_per_million,new_deaths_per_million,new_deaths_smoothed_per_million,icu_patients,icu_patients_per_million,hosp_patients,hosp_patients_per_million,weekly_icu_admissions,weekly_icu_admissions_per_million,weekly_hosp_admissions,weekly_hosp_admissions_per_million,total_tests,new_tests,total_tests_per_thousand,new_tests_per_thousand,new_tests_smoothed,new_tests_smoothed_per_thousand,tests_per_case,positive_rate,tests_units,stringency_index,population,population_density,median_age,aged_65_older,aged_70_older,gdp_per_capita,extreme_poverty,cardiovasc_death_rate,diabetes_prevalence,female_smokers,male_smokers,handwashing_facilities,hospital_beds_per_thousand,life_expectancy,human_development_index
AFG,Asia,Afghanistan,2020-10-29,41145.0,0.0,90.714,1529.0,0.0,4.0,1056.942,0.0,2.33,39.277,0.0,0.10300000000000001,,,,,,,,,,,,,,,,,,,38928341.0,54.422,18.6,2.5810000000000004,1.337,1803.987,,597.029,9.59,,,37.746,0.5,64.83,0.498
ALB,Europe,Albania,2020-10-29,20040.0,311.0,298.857,493.0,6.0,4.428999999999999,6963.653,108.069,103.84899999999999,171.31099999999998,2.085,1.5390000000000001,,,,,,,,,,,,,,,,,,,2877800.0,104.87100000000001,38.0,13.187999999999999,8.642999999999999,11803.431,1.1,304.195,10.08,7.1,51.2,,2.89,78.57,0.785
DZA,Africa,Algeria,2020-10-29,57026.0,320.0,276.42900000000003,1941.0,10.0,8.714,1300.448,7.297000000000001,6.303999999999999,44.263000000000005,0.228,0.19899999999999998,,,,,,,,,,,,,,,,,,,43851043.0,17.348,29.1,6.211,3.8569999999999998,13913.839,0.5,278.36400000000003,6.73,0.7,30.4,83.741,1.9,76.88,0.754
AND,Europe,Andorra,2020-10-29,4517.0,107.0,100.85700000000001,72.0,0.0,1.286,58461.14,1384.844,1305.3410000000001,931.8580000000001,0.0,16.64,,,,,,,,,,,,,,,,,,,77265.0,163.755,,,,,,109.135,7.97,29.0,37.8,,,83.73,0.858
AGO,Africa,Angola,2020-10-29,9871.0,227.0,260.286,271.0,1.0,2.8569999999999998,300.33799999999997,6.907,7.92,8.246,0.03,0.087,,,,,,,,,,,,,,,,,,,32866268.0,23.89,16.8,2.405,1.3619999999999999,5819.495,,276.045,3.94,,,26.664,,61.15,0.581
AIA,North America,Anguilla,2020-10-29,3.0,0.0,0.0,,0.0,0.0,199.97299999999998,0.0,0.0,,0.0,0.0,,,,,,,,,,,,,,,,,,,15002.0,,,,,,,,,,,,,81.88,
ATG,North America,Antigua and Barbuda,2020-10-29,124.0,0.0,0.28600000000000003,3.0,0.0,0.0,1266.236,0.0,2.918,30.635,0.0,0.0,,,,,,,,,,,,,,,,,,,97928.0,231.845,32.1,6.933,4.631,21490.943,,191.511,13.17,,,,3.8,77.02,0.78
ARG,South America,Argentina,2020-10-29,1130520.0,13924.0,13315.428999999998,30071.0,341.0,364.57099999999997,25013.841,308.082,294.617,665.35,7.545,8.066,,,,,,,,,,,,,,,,,,,45195777.0,16.177,31.9,11.198,7.441,18933.907,0.6,191.032,5.5,16.2,27.7,,5.0,76.67,0.825
ARM,Asia,Armenia,2020-10-29,85034.0,2383.0,2357.714,1272.0,29.0,21.570999999999998,28696.35,804.189,795.6560000000001,429.26099999999997,9.787,7.28,,,,,,,,,,,,,,,,,,,2963234.0,102.931,35.7,11.232000000000001,7.571000000000001,8787.58,1.8,341.01,7.11,1.5,52.1,94.04299999999999,4.2,75.09,0.755
ABW,North America,Aruba,2020-10-29,4437.0,17.0,9.714,36.0,0.0,0.14300000000000002,41558.174,159.227,90.98700000000001,337.186,0.0,1.338,,,,,,,,,,,,,,,,,,,106766.0,584.8,41.2,13.085,7.452000000000001,35973.781,,,11.62,,,,,76.29,
AUS,Oceania,Australia,2020-10-29,27554.0,13.0,15.714,907.0,2.0,0.28600000000000003,1080.5539999999999,0.51,0.616,35.569,0.078,0.011000000000000001,,,,,,,,,,,,,,,,,,,25499881.0,3.202,37.9,15.504000000000001,10.129,44648.71,0.5,107.791,5.07,13.0,16.5,,3.84,83.44,0.9390000000000001
AUT,Europe,Austria,2020-10-29,91895.0,4149.0,3018.0,1040.0,34.0,14.286,10203.3,460.67199999999997,335.095,115.473,3.775,1.5859999999999999,,,,,,,,,,,,,,,,,,,9006400.0,106.749,44.4,19.202,13.748,45436.685999999994,0.7,145.183,6.35,28.4,30.9,,7.37,81.54,0.9079999999999999
AZE,Asia,Azerbaijan,2020-10-29,52137.0,988.0,792.0,699.0,11.0,8.142999999999999,5142.134,97.444,78.113,68.941,1.085,0.8029999999999999,,,,,,,,,,,,,,,,,,,10139175.0,119.309,32.4,6.018,3.8710000000000004,15847.419,,559.812,7.11,0.3,42.5,83.241,4.7,73.0,0.757
BHS,North America,Bahamas,2020-10-29,6549.0,47.0,71.143,136.0,4.0,1.286,16653.613,119.51700000000001,180.91099999999997,345.838,10.172,3.2689999999999997,,,,,,,,,,,,,,,,,,,393248.0,39.497,34.3,8.996,5.2,27717.847,,235.954,13.17,3.1,20.4,,2.9,73.92,0.807
BHR,Asia,Bahrain,2020-10-29,81022.0,489.0,302.143,317.0,1.0,1.286,47615.66099999999,287.379,177.56599999999997,186.297,0.588,0.7559999999999999,,,,,,,,,,,,,,,,,,,1701583.0,1935.9070000000002,32.4,2.372,1.3869999999999998,43290.705,,151.689,16.52,5.8,37.6,,2.0,77.29,0.846
BGD,Asia,Bangladesh,2020-10-29,403079.0,1493.0,1421.1429999999998,5861.0,23.0,19.714000000000002,2447.511,9.066,8.629,35.588,0.14,0.12,,,,,,,,,,,,,,,,,,,164689383.0,1265.036,27.5,5.098,3.262,3523.9840000000004,14.8,298.003,8.38,1.0,44.7,34.808,0.8,72.59,0.608
BRB,North America,Barbados,2020-10-29,234.0,1.0,1.714,7.0,0.0,0.0,814.278,3.48,5.965,24.359,0.0,0.0,,,,,,,,,,,,,,,,,,,287371.0,664.4630000000001,39.8,14.952,9.472999999999999,16978.068,,170.05,13.57,1.9,14.5,88.469,5.8,79.19,0.8
BLR,Europe,Belarus,2020-10-29,95545.0,936.0,843.2860000000001,969.0,4.0,4.0,10111.309000000001,99.055,89.243,102.54700000000001,0.423,0.423,,,,,,,,,,,,,,,,,,,9449321.0,46.858000000000004,40.3,14.799000000000001,9.788,17167.967,,443.129,5.18,10.5,46.1,,11.0,74.79,0.8079999999999999
BLZ,North America,Belize,2020-10-29,3261.0,29.0,46.286,52.0,1.0,0.857,8201.277,72.934,116.40700000000001,130.778,2.515,2.156,,,,,,,,,,,,,,,,,,,397621.0,16.426,25.0,3.853,2.279,7824.361999999999,,176.957,17.11,,,90.083,1.3,74.62,0.708
BEN,Africa,Benin,2020-10-29,2643.0,86.0,12.286,41.0,0.0,0.0,218.012,7.093999999999999,1.013,3.3819999999999997,0.0,0.0,,,,,,,,,,,,,,,,,,,12123198.0,99.11,18.8,3.2439999999999998,1.942,2064.236,49.6,235.84799999999998,0.99,0.6,12.3,11.035,0.5,61.77,0.515
BMU,North America,Bermuda,2020-10-29,194.0,0.0,0.857,9.0,0.0,0.0,3115.315,0.0,13.764000000000001,144.525,0.0,0.0,,,,,,,,,,,,,,,,,,,62273.0,1308.82,,,,50669.315,,139.547,13.0,,,,,82.59,
BTN,Asia,Bhutan,2020-10-29,346.0,1.0,2.0,,0.0,0.0,448.412,1.296,2.592,,0.0,0.0,,,,,,,,,,,,,,,,,,,771612.0,21.188000000000002,28.6,4.885,2.977,8708.597,1.5,217.06599999999997,9.75,,,79.807,1.7,71.78,0.612
BOL,South America,Bolivia,2020-10-29,141321.0,197.0,156.143,8694.0,22.0,19.429000000000002,12106.626,16.877,13.376,744.794,1.885,1.6640000000000001,,,,,,,,,,,,,,,,,,,11673029.0,10.202,25.4,6.704,4.393,6885.829000000001,7.1,204.299,6.89,,,25.383000000000003,1.1,71.51,0.693
BES,North America,Bonaire Sint Eustatius and Saba,2020-10-29,153.0,3.0,0.429,3.0,0.0,0.0,5835.018,114.412,16.345,114.412,0.0,0.0,,,,,,,,,,,,,,,,,,,26221.0,,,,,,,,,,,,,77.79,
BIH,Europe,Bosnia and Herzegovina,2020-10-29,44737.0,3121.0,1203.143,1161.0,57.0,18.570999999999998,13635.941,951.288,366.721,353.875,17.374000000000002,5.6610000000000005,,,,,,,,,,,,,,,,,,,3280815.0,68.49600000000001,42.5,16.569000000000003,10.710999999999999,11713.895,0.2,329.635,10.08,30.2,47.7,97.164,3.5,77.4,0.768
BWA,Africa,Botswana,2020-10-29,6283.0,0.0,96.286,21.0,0.0,0.0,2671.77,0.0,40.944,8.93,0.0,0.0,,,,,,,,,,,,,,,,,,,2351625.0,4.044,25.8,3.9410000000000003,2.242,15807.374,,237.372,4.81,5.7,34.4,,1.8,69.59,0.7170000000000001
BRA,South America,Brazil,2020-10-29,5468270.0,28629.0,24214.0,158456.0,510.0,436.14300000000003,25725.842999999997,134.687,113.916,745.467,2.399,2.052,,,,,,,,,,,,,,,,,,,212559409.0,25.04,33.5,8.552,5.06,14103.452,3.4,177.96099999999998,8.11,10.1,17.9,,2.2,75.88,0.759
VGB,North America,British Virgin Islands,2020-10-29,72.0,0.0,0.0,1.0,0.0,0.0,2381.189,0.0,0.0,33.071999999999996,0.0,0.0,,,,,,,,,,,,,,,,,,,30237.0,207.97299999999998,,,,,,,13.67,,,,,79.07,
BRN,Asia,Brunei,2020-10-29,148.0,0.0,0.14300000000000002,3.0,0.0,0.0,338.29900000000004,0.0,0.327,6.857,0.0,0.0,,,,,,,,,,,,,,,,,,,437483.0,81.347,32.4,4.591,2.3819999999999997,71809.25099999999,,201.285,12.79,2.0,30.9,,2.7,75.86,0.853
BGR,Europe,Bulgaria,2020-10-29,45461.0,2760.0,1732.286,1197.0,36.0,21.285999999999998,6542.615,397.211,249.30599999999998,172.269,5.181,3.063,,,,,,,,,,,,,,,,,,,6948445.0,65.18,44.7,20.801,13.272,18563.307,1.5,424.68800000000005,5.81,30.1,44.4,,7.454,75.05,0.813
BFA,Africa,Burkina Faso,2020-10-29,2466.0,0.0,8.571,67.0,0.0,0.28600000000000003,117.97200000000001,0.0,0.41,3.205,0.0,0.013999999999999999,,,,,,,,,,,,,,,,,,,20903278.0,70.15100000000001,17.6,2.4090000000000003,1.358,1703.102,43.7,269.048,2.42,1.6,23.9,11.877,0.4,61.58,0.423
BDI,Africa,Burundi,2020-10-29,559.0,1.0,1.286,1.0,0.0,0.0,47.011,0.084,0.10800000000000001,0.084,0.0,0.0,,,,,,,,,,,,,,,,,,,11890781.0,423.06199999999995,17.5,2.562,1.504,702.225,71.7,293.068,6.05,,,6.144,0.8,61.58,0.41700000000000004
KHM,Asia,Cambodia,2020-10-29,290.0,0.0,0.5710000000000001,,0.0,0.0,17.346,0.0,0.034,,0.0,0.0,,,,,,,,,,,,,,,,,,,16718971.0,90.67200000000001,25.6,4.412,2.385,3645.07,,270.892,4.0,2.0,33.7,66.229,0.8,69.82,0.5820000000000001
CMR,Africa,Cameroon,2020-10-29,21793.0,0.0,31.857,426.0,0.0,0.14300000000000002,820.957,0.0,1.2,16.048,0.0,0.005,,,,,,,,,,,,,,,,,,45.37,26545864.0,50.885,18.8,3.165,1.919,3364.926,23.8,244.66099999999997,7.2,,,2.735,1.3,59.29,0.556
CAN,North America,Canada,2020-10-29,225586.0,2699.0,2746.571,10032.0,31.0,29.0,5977.03,71.512,72.77199999999999,265.80400000000003,0.821,0.768,,,,,,,,,,,,,,,,,,55.09,37742157.0,4.037,41.4,16.984,10.797,44017.59099999999,0.5,105.59899999999999,7.37,12.0,16.6,,2.5,82.43,0.9259999999999999
CPV,Africa,Cape Verde,2020-10-29,8548.0,76.0,73.571,94.0,0.0,0.5710000000000001,15374.433,136.694,132.326,169.06799999999998,0.0,1.028,,,,,,,,,,,,,,,,,,,555988.0,135.58,25.7,4.46,3.437,6222.554,,182.21900000000002,2.42,2.1,16.5,,2.1,72.98,0.654
CYM,North America,Cayman Islands,2020-10-29,239.0,0.0,0.5710000000000001,1.0,0.0,0.0,3636.64,0.0,8.695,15.216,0.0,0.0,,,,,,,,,,,,,,,,,,,65720.0,256.496,,,,49903.029,,,13.22,,,,,83.92,
CAF,Africa,Central African Republic,2020-10-29,4863.0,0.0,0.7140000000000001,62.0,0.0,0.0,1006.8810000000001,0.0,0.14800000000000002,12.837,0.0,0.0,,,,,,,,,,,,,,,,,,,4829764.0,7.479,18.3,3.655,2.251,661.24,,435.727,6.1,,,16.602999999999998,1.0,53.28,0.36700000000000005
TCD,Africa,Chad,2020-10-29,1468.0,8.0,9.142999999999999,97.0,1.0,0.14300000000000002,89.37100000000001,0.48700000000000004,0.557,5.905,0.061,0.009000000000000001,,,,,,,,,,,,,,,,,,,16425859.0,11.833,16.7,2.4859999999999998,1.446,1768.1529999999998,38.4,280.995,6.1,,,5.818,,54.24,0.40399999999999997
CHL,South America,Chile,2020-10-29,505530.0,1005.0,1413.286,14032.0,6.0,44.714,26445.097,52.573,73.931,734.0369999999999,0.314,2.339,,,,,,,,,,,,,,,,,,,19116209.0,24.281999999999996,35.4,11.087,6.938,22767.037,1.3,127.993,8.46,34.2,41.5,,2.11,80.18,0.843
CHN,Asia,China,2020-10-29,91241.0,24.0,28.143,4739.0,0.0,0.0,63.391999999999996,0.017,0.02,3.293,0.0,0.0,,,,,,,,,,,,,,,,,,,1439323774.0,147.674,38.7,10.640999999999998,5.928999999999999,15308.712,0.7,261.899,9.74,1.9,48.4,,4.34,76.91,0.752
COL,South America,Colombia,2020-10-29,1041935.0,8717.0,8605.0,30753.0,188.0,184.143,20477.122,171.315,169.114,604.388,3.695,3.6189999999999998,,,,,,,,,,,,,,,,,,,50882884.0,44.223,32.2,7.646,4.312,13254.948999999999,4.5,124.24,7.44,4.7,13.5,65.38600000000001,1.71,77.29,0.747
COM,Africa,Comoros,2020-10-29,525.0,8.0,3.0,7.0,0.0,0.0,603.729,9.2,3.45,8.05,0.0,0.0,,,,,,,,,,,,,,,,,,,869595.0,437.352,20.4,2.963,1.726,1413.89,18.1,261.51599999999996,11.88,4.4,23.6,15.574000000000002,2.2,64.32,0.503
COG,Africa,Congo,2020-10-29,5253.0,0.0,13.857000000000001,92.0,0.0,0.0,951.959,0.0,2.511,16.672,0.0,0.0,,,,,,,,,,,,,,,,,,,5518092.0,15.405,19.0,3.4019999999999997,2.063,4881.406,37.0,344.094,7.2,1.7,52.3,47.964,,64.57,0.606
CRI,North America,Costa Rica,2020-10-29,106553.0,1231.0,1018.2860000000001,1340.0,11.0,14.857000000000001,20916.886000000002,241.65099999999998,199.895,263.04900000000004,2.1590000000000003,2.917,,,,,,,,,,,,,,,,,,,5094114.0,96.079,33.6,9.468,5.694,15524.995,1.3,137.97299999999998,8.78,6.4,17.4,83.84100000000001,1.13,80.28,0.794
CIV,Africa,Cote d'Ivoire,2020-10-29,20555.0,67.0,27.429000000000002,124.0,2.0,0.429,779.24,2.54,1.04,4.7010000000000005,0.076,0.016,,,,,,,,,,,,,,,,,,,26378275.0,76.399,18.7,2.9330000000000003,1.5819999999999999,3601.006,28.2,303.74,2.42,,,19.351,,57.78,0.49200000000000005
HRV,Europe,Croatia,2020-10-29,40999.0,2378.0,1816.0,493.0,23.0,14.286,9986.924,579.256,442.358,120.09,5.603,3.48,,,,,,,,,,,,,,,,,,,4105268.0,73.726,44.0,19.724,13.052999999999999,22669.797000000002,0.7,253.782,5.59,34.3,39.9,,5.54,78.49,0.831
CUB,North America,Cuba,2020-10-29,6727.0,49.0,51.286,128.0,0.0,0.14300000000000002,593.911,4.3260000000000005,4.5280000000000005,11.300999999999998,0.0,0.013000000000000001,,,,,,,,,,,,,,,,,,,11326616.0,110.40799999999999,43.1,14.738,9.719,,,190.968,8.27,17.1,53.3,85.198,5.2,78.8,0.777
CUW,North America,Curacao,2020-10-29,884.0,11.0,14.142999999999999,1.0,0.0,0.0,5386.959,67.032,86.184,6.093999999999999,0.0,0.0,,,,,,,,,,,,,,,,,,,164100.0,362.644,41.7,16.367,10.068,,,,11.62,,,,,78.88,
CYP,Europe,Cyprus,2020-10-29,3817.0,0.0,121.571,25.0,0.0,0.0,4357.808,0.0,138.796,28.541999999999998,0.0,0.0,,,,,,,,,,,,,,,,,,,875899.0,127.65700000000001,37.3,13.415999999999999,8.562999999999999,32415.132,,141.171,9.24,19.6,52.7,,3.4,80.98,0.8690000000000001
CZE,Europe,Czech Republic,2020-10-29,297013.0,12980.0,12585.428999999998,2675.0,128.0,133.714,27734.942000000003,1212.067,1175.222,249.79,11.953,12.485999999999999,,,,,,,,,,,,,,,,,,,10708982.0,137.17600000000002,43.3,19.027,11.58,32605.906000000003,,227.485,6.82,30.5,38.3,,6.63,79.38,0.888
COD,Africa,Democratic Republic of Congo,2020-10-29,11210.0,20.0,20.714000000000002,304.0,0.0,0.28600000000000003,125.166,0.223,0.231,3.3939999999999997,0.0,0.003,,,,,,,,,,,,,,,,,,,89561404.0,35.879,17.0,3.02,1.745,808.133,77.1,318.949,6.1,,,4.4719999999999995,,60.68,0.457
DNK,Europe,Denmark,2020-10-29,43174.0,1017.0,881.571,715.0,6.0,3.571,7453.813,175.581,152.2,123.44200000000001,1.036,0.617,,,,,,,,,,,,,,,,,,,5792203.0,136.52,42.3,19.677,12.325,46682.515,0.2,114.76700000000001,6.41,19.3,18.8,,2.5,80.9,0.929
DJI,Africa,Djibouti,2020-10-29,5555.0,11.0,6.143,61.0,0.0,0.0,5622.4580000000005,11.134,6.2170000000000005,61.74100000000001,0.0,0.0,,,,,,,,,,,,,,,,,,,988002.0,41.285,25.4,4.213,2.38,2705.406,22.5,258.03700000000003,6.05,1.7,24.5,,1.4,67.11,0.47600000000000003
DMA,North America,Dominica,2020-10-29,42.0,4.0,1.286,,0.0,0.0,583.406,55.563,17.859,,0.0,0.0,,,,,,,,,,,,,,,,,,,71991.0,98.56700000000001,,,,9673.367,,227.37599999999998,11.62,,,,3.8,75.0,0.715
DOM,North America,Dominican Republic,2020-10-29,125570.0,562.0,453.14300000000003,2232.0,6.0,3.714,11575.508,51.806999999999995,41.772,205.75400000000002,0.5529999999999999,0.342,,,,,,,,,,,,,,,,,,,10847904.0,222.873,27.6,6.981,4.419,14600.861,1.6,266.653,8.2,8.5,19.1,55.181999999999995,1.6,74.08,0.736
ECU,South America,Ecuador,2020-10-29,164908.0,1716.0,1326.1429999999998,12608.0,20.0,22.143,9346.905,97.262,75.165,714.615,1.1340000000000001,1.255,,,,,,,,,,,,,,,,,,,17643060.0,66.939,28.1,7.104,4.458,10581.936000000002,3.6,140.44799999999998,5.55,2.0,12.3,80.635,1.5,77.01,0.752
EGY,Africa,Egypt,2020-10-29,107030.0,153.0,163.857,6234.0,12.0,11.286,1045.885,1.495,1.601,60.918,0.11699999999999999,0.11,,,,,,,,,,,,,,,,,,,102334403.0,97.999,25.3,5.159,2.891,10550.206,1.3,525.432,17.31,0.2,50.1,89.82700000000001,1.6,71.99,0.696
SLV,North America,El Salvador,2020-10-29,32925.0,0.0,115.0,967.0,5.0,4.428999999999999,5076.161,0.0,17.73,149.086,0.7709999999999999,0.6829999999999999,,,,,,,,,,,,,,,,,,52.78,6486201.0,307.811,27.6,8.273,5.417000000000001,7292.4580000000005,2.2,167.295,8.87,2.5,18.8,90.65,1.3,73.32,0.674
GNQ,Africa,Equatorial Guinea,2020-10-29,5083.0,0.0,1.286,83.0,0.0,0.0,3622.99,0.0,0.9159999999999999,59.16,0.0,0.0,,,,,,,,,,,,,,,,,,,1402985.0,45.193999999999996,22.4,2.846,1.7519999999999998,22604.873,,202.812,7.78,,,24.64,2.1,58.74,0.591
ERI,Africa,Eritrea,2020-10-29,461.0,0.0,1.286,,0.0,0.0,129.99,0.0,0.363,,0.0,0.0,,,,,,,,,,,,,,,,,,,3546427.0,44.303999999999995,19.3,3.6069999999999998,2.171,1510.4589999999998,,311.11,6.05,0.2,11.4,,0.7,66.32,0.44
EST,Europe,Estonia,2020-10-29,4590.0,125.0,59.857,73.0,0.0,0.28600000000000003,3460.132,94.23,45.123000000000005,55.03,0.0,0.215,,,,,,,,,,,,,,,,,,,1326539.0,31.033,42.7,19.452,13.491,29481.252,0.5,255.56900000000002,4.02,24.5,39.3,,4.69,78.74,0.871
ETH,Africa,Ethiopia,2020-10-29,94820.0,602.0,528.857,1451.0,6.0,9.571,824.783,5.236000000000001,4.6,12.620999999999999,0.052000000000000005,0.083,,,,,,,,,,,,,,,,,,,114963583.0,104.95700000000001,19.8,3.5260000000000002,2.063,1729.9270000000001,26.7,182.63400000000001,7.47,0.4,8.5,7.96,0.3,66.6,0.46299999999999997
FRO,Europe,Faeroe Islands,2020-10-29,494.0,0.0,0.857,,0.0,0.0,10109.485,0.0,17.541,,0.0,0.0,,,,,,,,,,,,,,,,,,,48865.0,35.308,,,,,,,,,,,,80.67,
FLK,South America,Falkland Islands,2020-10-29,13.0,0.0,0.0,,0.0,0.0,3732.415,0.0,0.0,,0.0,0.0,,,,,,,,,,,,,,,,,,,3483.0,,,,,,,,,,,,,81.44,
FJI,Oceania,Fiji,2020-10-29,33.0,0.0,0.0,2.0,0.0,0.0,36.812,0.0,0.0,2.231,0.0,0.0,,,,,,,,,,,,,,,,,,,896444.0,49.562,28.6,6.224,3.284,8702.975,1.4,412.82,14.49,10.2,34.8,,2.3,67.44,0.741
FIN,Europe,Finland,2020-10-29,15378.0,215.0,186.71400000000003,354.0,0.0,0.14300000000000002,2775.453,38.804,33.699,63.891000000000005,0.0,0.026000000000000002,,,,,,,,,,,,,,,,,,,5540718.0,18.136,42.8,21.228,13.264000000000001,40585.721,,153.507,5.76,18.3,22.6,,3.28,81.91,0.92
FRA,Europe,France,2020-10-29,1235132.0,36437.0,39673.0,35785.0,244.0,248.143,18922.408,558.22,607.7959999999999,548.232,3.738,3.802,,,,,,,,,,,,,,,,,,,65273512.0,122.57799999999999,42.0,19.718,13.079,38605.671,,86.06,4.77,30.1,35.6,,5.98,82.66,0.9009999999999999
PYF,Oceania,French Polynesia,2020-10-29,6493.0,0.0,269.0,26.0,0.0,1.429,23114.658,0.0,957.623,92.55799999999999,0.0,5.086,,,,,,,,,,,,,,,,,,,280904.0,77.324,32.7,7.775,4.593,,,,22.63,,,,,77.66,
GAB,Africa,Gabon,2020-10-29,8957.0,20.0,8.0,55.0,1.0,0.14300000000000002,4024.301,8.986,3.594,24.711,0.449,0.064,,,,,,,,,,,,,,,,,,,2225728.0,7.859,23.1,4.45,2.9760000000000004,16562.413,3.4,259.967,7.2,,,,6.3,66.47,0.7020000000000001
GMB,Africa,Gambia,2020-10-29,3666.0,1.0,1.286,119.0,0.0,0.14300000000000002,1516.967,0.414,0.532,49.24100000000001,0.0,0.059000000000000004,,,,,,,,,,,,,,,,,,,2416664.0,207.56599999999997,17.5,2.339,1.4169999999999998,1561.767,10.1,331.43,1.91,0.7,31.2,7.876,1.1,62.05,0.46
GEO,Asia,Georgia,2020-10-29,35567.0,1709.0,2051.286,273.0,20.0,14.429,8915.879,428.409,514.2130000000001,68.435,5.013999999999999,3.617,,,,,,,,,,,,,,,,,,,3989175.0,65.032,38.7,14.864,10.244000000000002,9745.079,4.2,496.218,7.11,5.3,55.5,,2.6,73.77,0.78
DEU,Europe,Germany,2020-10-29,481013.0,16774.0,12709.143,10272.0,89.0,52.428999999999995,5741.111999999999,200.205,151.689,122.601,1.062,0.626,,,,,,,,,,,,,,,,,,,83783945.0,237.016,46.6,21.453000000000003,15.957,45229.245,,156.139,8.31,28.2,33.1,,8.0,81.33,0.9359999999999999
GHA,Africa,Ghana,2020-10-29,47775.0,0.0,44.857,316.0,0.0,0.5710000000000001,1537.511,0.0,1.444,10.17,0.0,0.018000000000000002,,,,,,,,,,,,,,,,,,,31072945.0,126.719,21.1,3.385,1.9480000000000002,4227.63,12.0,298.245,4.97,0.3,7.7,41.047,0.9,64.07,0.5920000000000001
GIB,Europe,Gibraltar,2020-10-29,682.0,3.0,8.714,,0.0,0.0,20242.795,89.045,258.653,,0.0,0.0,,,,,,,,,,,,,,,,,,,33691.0,3457.1,,,,,,,,,,,,79.93,
GRC,Europe,Greece,2020-10-29,34299.0,1547.0,995.0,603.0,10.0,9.857000000000001,3290.6859999999997,148.421,95.461,57.853,0.9590000000000001,0.946,,,,,,,,,,,,,,,,,,,10423056.0,83.479,45.3,20.396,14.524000000000001,24574.382,1.5,175.695,4.55,35.3,52.0,,4.21,82.24,0.87
GRL,North America,Greenland,2020-10-29,17.0,0.0,0.14300000000000002,,0.0,0.0,299.443,0.0,2.516,,0.0,0.0,,,,,,,,,,,,,,,,,,,56772.0,0.13699999999999998,,,,,,199.94099999999997,2.16,,,,,71.7,
GRD,North America,Grenada,2020-10-29,28.0,0.0,0.14300000000000002,,0.0,0.0,248.847,0.0,1.27,,0.0,0.0,,,,,,,,,,,,,,,,,,,112519.0,317.132,29.4,7.303999999999999,5.021,13593.877,,243.96400000000003,10.71,,,,3.7,72.4,0.772
GUM,Oceania,Guam,2020-10-29,4466.0,34.0,71.143,77.0,1.0,1.143,26460.011000000002,201.442,421.505,456.207,5.925,6.771,,,,,,,,,,,,,,,,,,,168783.0,304.128,31.4,9.551,5.492999999999999,,,310.496,21.52,,,,,80.07,
GTM,North America,Guatemala,2020-10-29,106320.0,749.0,557.857,3682.0,17.0,16.429000000000002,5934.504,41.806999999999995,31.138,205.52,0.9490000000000001,0.917,,,,,,,,,,,,,,,,,,,17915567.0,157.834,22.9,4.694,3.016,7423.808000000001,8.7,155.898,10.18,,,76.665,0.6,74.3,0.65
GGY,Europe,Guernsey,2020-10-29,267.0,1.0,1.0,13.0,0.0,0.0,3981.9840000000004,14.914000000000001,14.914000000000001,193.87900000000002,0.0,0.0,,,,,,,,,,,,,,,,,,,67052.0,,,,,,,,,,,,,,
GIN,Africa,Guinea,2020-10-29,11819.0,0.0,26.285999999999998,71.0,0.0,0.0,899.961,0.0,2.002,5.406000000000001,0.0,0.0,,,,,,,,,,,,,,,,,,,13132792.0,51.755,19.0,3.135,1.733,1998.9260000000002,35.3,336.717,2.42,,,17.45,0.3,61.6,0.45899999999999996
GNB,Africa,Guinea-Bissau,2020-10-29,2403.0,0.0,0.0,41.0,0.0,0.0,1221.038,0.0,0.0,20.833000000000002,0.0,0.0,,,,,,,,,,,,,,,,,,,1967998.0,66.191,19.4,3.002,1.565,1548.675,67.1,382.474,2.42,,,6.403,,58.32,0.455
GUY,South America,Guyana,2020-10-29,4074.0,13.0,32.0,123.0,4.0,1.0,5179.522,16.528,40.684,156.377,5.085,1.271,,,,,,,,,,,,,,,,,,,786559.0,3.952,26.3,5.305,2.8369999999999997,7435.047,,373.159,11.62,,,77.15899999999999,1.6,69.91,0.654
HTI,North America,Haiti,2020-10-29,9046.0,20.0,9.571,232.0,0.0,0.14300000000000002,793.332,1.754,0.8390000000000001,20.346,0.0,0.013000000000000001,,,,,,,,,,,,,,,,,,,11402533.0,398.44800000000004,24.3,4.8,2.9539999999999997,1653.1729999999998,23.5,430.548,6.65,2.9,23.1,22.863000000000003,0.7,64.0,0.498
HND,North America,Honduras,2020-10-29,95199.0,576.0,588.714,2652.0,13.0,8.0,9611.587,58.155,59.438,267.754,1.3130000000000002,0.8079999999999999,,,,,,,,,,,,,,,,,,,9904608.0,82.805,24.9,4.652,2.883,4541.795,16.0,240.208,7.21,2.0,,84.169,0.7,75.27,0.617
HUN,Europe,Hungary,2020-10-29,68127.0,2194.0,2273.571,1634.0,56.0,47.0,7052.229,227.114,235.351,169.145,5.797000000000001,4.865,,,,,,,,,,,,,,,,,,,9660350.0,108.04299999999999,43.4,18.577,11.975999999999999,26777.561,0.5,278.296,7.55,26.8,34.8,,7.02,76.88,0.838
ISL,Europe,Iceland,2020-10-29,4671.0,97.0,63.0,12.0,1.0,0.14300000000000002,13687.912,284.249,184.615,35.165,2.93,0.419,,,,,,,,,,,,,,,,,,,341250.0,3.404,37.3,14.431,9.207,46482.958,0.2,117.992,5.31,14.3,15.2,,2.91,82.99,0.935
IND,Asia,India,2020-10-29,8040203.0,49881.0,47608.143,120527.0,517.0,558.714,5826.215999999999,36.146,34.499,87.338,0.375,0.405,,,,,,,,,,,,,,,,,,,1380004385.0,450.41900000000004,28.2,5.989,3.4139999999999997,6426.674,21.2,282.28,10.39,1.9,20.6,59.55,0.53,69.66,0.64
IDN,Asia,Indonesia,2020-10-29,400483.0,4029.0,3910.571,13612.0,100.0,107.85700000000001,1464.162,14.73,14.297,49.765,0.366,0.39399999999999996,,,,,,,,,,,,,,,,,,,273523621.0,145.725,29.3,5.319,3.053,11188.743999999999,5.7,342.86400000000003,6.32,2.8,76.1,64.204,1.04,71.72,0.6940000000000001
IRN,Asia,Iran,2020-10-29,588648.0,6824.0,6194.571,33714.0,415.0,338.286,7008.302,81.245,73.751,401.39099999999996,4.941,4.0280000000000005,,,,,,,,,,,,,,,,,,70.83,83992953.0,49.831,32.4,5.44,3.182,19082.62,0.2,270.308,9.59,0.8,21.1,,1.5,76.68,0.7979999999999999
IRQ,Asia,Iraq,2020-10-29,463951.0,4043.0,3669.429,10770.0,46.0,50.286,11534.613000000001,100.516,91.228,267.76099999999997,1.1440000000000001,1.25,,,,,,,,,,,,,,,,,,51.85,40222503.0,88.125,20.0,3.1860000000000004,1.9569999999999999,15663.986,2.5,218.612,8.83,,,94.57600000000001,1.4,70.6,0.685
IRL,Europe,Ireland,2020-10-29,59434.0,667.0,858.857,1896.0,6.0,4.0,12036.544,135.08100000000002,173.935,383.977,1.215,0.81,,,,,,,,,,,,,,,,,,,4937796.0,69.874,38.7,13.927999999999999,8.677999999999999,67335.293,0.2,126.459,3.28,23.0,25.7,,2.96,82.3,0.938
IMN,Europe,Isle of Man,2020-10-29,352.0,0.0,0.5710000000000001,24.0,0.0,0.0,4139.6179999999995,0.0,6.72,282.247,0.0,0.0,,,,,,,,,,,,,,,,,,,85032.0,147.872,,,,,,,,,,,,81.4,
ISR,Asia,Israel,2020-10-29,312787.0,763.0,778.857,2494.0,11.0,29.0,36137.198,88.152,89.984,288.139,1.271,3.35,,,,,,,,,,,,,,,,,,,8655541.0,402.606,30.6,11.732999999999999,7.359,33132.32,0.5,93.32,6.74,15.4,35.4,,2.99,82.97,0.903
ITA,Europe,Italy,2020-10-29,589766.0,24988.0,20016.857,37905.0,205.0,153.286,9754.353000000001,413.286,331.066,626.924,3.391,2.535,,,,,,,,,,,,,,,,,,,60461828.0,205.859,47.9,23.021,16.24,35220.084,2.0,113.15100000000001,4.78,19.8,27.8,,3.18,83.51,0.88
JAM,North America,Jamaica,2020-10-29,8851.0,64.0,58.0,198.0,2.0,3.429,2989.03,21.613000000000003,19.587,66.866,0.675,1.158,,,,,,,,,,,,,,,,,,,2961161.0,266.879,31.4,9.684,6.39,8193.571,,206.537,11.28,5.3,28.6,66.425,1.7,74.47,0.732
JPN,Asia,Japan,2020-10-29,98852.0,736.0,618.286,1733.0,3.0,6.857,781.584,5.819,4.888999999999999,13.702,0.024,0.054000000000000006,,,,,,,,,,,,,,,,,,,126476458.0,347.778,48.2,27.049,18.493,39002.223,,79.37,5.72,11.2,33.7,,13.05,84.63,0.909
JEY,Europe,Jersey,2020-10-29,566.0,6.0,6.143,32.0,0.0,0.0,5599.9130000000005,59.363,60.776,316.603,0.0,0.0,,,,,,,,,,,,,,,,,,,101073.0,,,,,,,,,,,,,,
JOR,Asia,Jordan,2020-10-29,61942.0,3087.0,2617.429,700.0,32.0,36.714,6070.876,302.55400000000003,256.532,68.60600000000001,3.136,3.5980000000000003,,,,,,,,,,,,,,,,,,,10203140.0,109.285,23.2,3.81,2.3609999999999998,8337.49,0.1,208.257,11.75,,,,1.4,74.53,0.735
KAZ,Asia,Kazakhstan,2020-10-29,148479.0,442.0,313.0,2222.0,1.0,5.143,7907.616999999999,23.54,16.67,118.338,0.053,0.27399999999999997,,,,,,,,,,,,,,,,,,,18776707.0,6.681,30.6,6.9910000000000005,4.625,24055.588,0.1,466.792,7.11,7.0,43.1,98.999,6.7,73.6,0.8
KEN,Africa,Kenya,2020-10-29,51851.0,1018.0,815.2860000000001,934.0,0.0,10.857000000000001,964.288,18.932000000000002,15.162,17.37,0.0,0.20199999999999999,,,,,,,,,,,,,,,,,,,53771300.0,87.324,20.0,2.6860000000000004,1.528,2993.028,36.8,218.637,2.92,1.2,20.4,24.651,1.4,66.7,0.59
OWID_KOS,Europe,Kosovo,2020-10-29,18626.0,281.0,194.71400000000003,673.0,4.0,2.286,9636.926,145.387,100.743,348.204,2.07,1.183,,,,,,,,,,,,,,,,,,52.78,1932774.0,168.155,,,,9795.834,0.6,,,,,,,,
KWT,Asia,Kuwait,2020-10-29,123906.0,814.0,767.857,763.0,7.0,6.0,29013.972999999998,190.607,179.80200000000002,178.665,1.639,1.405,,,,,,,,,,,,,,,,,,,4270563.0,232.128,33.7,2.345,1.114,65530.537000000004,,132.235,15.84,2.7,37.0,,2.0,75.49,0.8029999999999999
KGZ,Asia,Kyrgyzstan,2020-10-29,57798.0,522.0,541.714,1139.0,1.0,2.4290000000000003,8859.029,80.01,83.03200000000001,174.581,0.153,0.37200000000000005,,,,,,,,,,,,,,,,,,,6524191.0,32.333,26.3,4.489,2.8819999999999997,3393.474,1.4,436.36199999999997,7.11,3.6,50.5,89.22,4.5,71.45,0.672
LAO,Asia,Laos,2020-10-29,24.0,0.0,0.0,,0.0,0.0,3.299,0.0,0.0,,0.0,0.0,,,,,,,,,,,,,,,,,,,7275556.0,29.715,24.4,4.029,2.322,6397.36,22.7,368.111,4.0,7.3,51.2,49.839,1.5,67.92,0.601
LVA,Europe,Latvia,2020-10-29,5144.0,251.0,192.429,63.0,0.0,2.1430000000000002,2727.173,133.072,102.01899999999999,33.4,0.0,1.136,,,,,,,,,,,,,,,,,,,1886202.0,31.212,43.9,19.754,14.136,25063.846,0.7,350.06,4.91,25.6,51.0,,5.57,75.29,0.847
LBN,Asia,Lebanon,2020-10-29,75845.0,1850.0,1466.8570000000002,602.0,12.0,9.429,11112.101,271.045,214.91,88.199,1.758,1.381,,,,,,,,,,,,,,,,,,,6825442.0,594.561,31.1,8.514,5.43,13367.565,,266.591,12.71,26.9,40.7,,2.9,78.93,0.757
LSO,Africa,Lesotho,2020-10-29,1947.0,0.0,4.143,43.0,0.0,0.0,908.857,0.0,1.9340000000000002,20.072,0.0,0.0,,,,,,,,,,,,,,,,,,,2142252.0,73.562,22.2,4.506,2.647,2851.153,59.6,405.126,3.94,0.4,53.9,2.117,,54.33,0.52
LBR,Africa,Liberia,2020-10-29,1419.0,0.0,4.857,82.0,0.0,0.0,280.564,0.0,0.96,16.213,0.0,0.0,,,,,,,,,,,,,,,,,,,5057677.0,49.126999999999995,19.2,3.057,1.756,752.788,38.6,272.509,2.42,1.5,18.1,1.188,0.8,64.1,0.435
LBY,Africa,Libya,2020-10-29,58874.0,899.0,1035.5710000000001,823.0,11.0,8.286,8568.118,130.834,150.71,119.774,1.601,1.206,,,,,,,,,,,,,,,,,,,6871287.0,3.623,29.0,4.4239999999999995,2.8160000000000003,17881.509,,341.86199999999997,10.43,,,,3.7,72.91,0.706
LIE,Europe,Liechtenstein,2020-10-29,461.0,23.0,28.429000000000002,1.0,0.0,0.0,12087.999,603.089,745.433,26.221,0.0,0.0,,,,,,,,,,,,,,,,,,,38137.0,237.012,,,,,,,7.77,,,,2.397,82.49,0.9159999999999999
LTU,Europe,Lithuania,2020-10-29,12138.0,776.0,557.0,144.0,3.0,3.429,4458.744000000001,285.05400000000003,204.607,52.897,1.102,1.2590000000000001,,,,,,,,,,,,,,,,,,,2722291.0,45.135,43.5,19.002,13.777999999999999,29524.265,0.7,342.98900000000003,3.67,21.3,38.0,,6.56,75.93,0.858
LUX,Europe,Luxembourg,2020-10-29,15658.0,774.0,569.571,147.0,0.0,1.286,25013.738999999998,1236.469,909.893,234.833,0.0,2.0540000000000003,,,,,,,,,,,,,,,,,,,625976.0,231.447,39.7,14.312000000000001,9.842,94277.965,0.2,128.275,4.42,20.9,26.0,,4.51,82.25,0.904
MKD,Europe,Macedonia,2020-10-29,28697.0,1498.0,551.571,963.0,30.0,14.429,13774.251,719.0239999999999,264.748,462.23,14.4,6.926,,,,,,,,,,,,,,,,,,,2083380.0,82.6,39.1,13.26,8.16,13111.214,5.0,322.688,10.08,,,,4.28,75.8,0.757
MDG,Africa,Madagascar,2020-10-29,16968.0,0.0,22.570999999999998,244.0,0.0,0.857,612.762,0.0,0.815,8.812000000000001,0.0,0.031,,,,,,,,,,,,,,,,,,,27691019.0,43.951,19.6,2.929,1.686,1416.44,77.6,405.994,3.94,,,50.54,0.2,67.04,0.519
MWI,Africa,Malawi,2020-10-29,5904.0,7.0,5.7139999999999995,184.0,1.0,0.14300000000000002,308.626,0.366,0.299,9.618,0.052000000000000005,0.006999999999999999,,,,,,,,,,,,,,,,,,,19129955.0,197.519,18.1,2.9789999999999996,1.7830000000000001,1095.042,71.4,227.34900000000002,3.94,4.4,24.7,8.704,1.3,64.26,0.47700000000000004
MYS,Asia,Malaysia,2020-10-29,29411.0,771.0,922.0,246.0,8.0,6.7139999999999995,908.701,23.820999999999998,28.487,7.601,0.247,0.207,,,,,,,,,,,,,,,,,,,32365998.0,96.25399999999999,29.9,6.292999999999999,3.407,26808.164,0.1,260.942,16.74,1.0,42.4,,1.9,76.16,0.802
MDV,Asia,Maldives,2020-10-29,11591.0,24.0,39.286,37.0,0.0,0.0,21443.292,44.4,72.678,68.45,0.0,0.0,,,,,,,,,,,,,,,,,,,540542.0,1454.433,30.6,4.12,2.875,15183.616000000002,,164.905,9.19,2.1,55.0,95.803,,78.92,0.7170000000000001
MLI,Africa,Mali,2020-10-29,3530.0,15.0,14.571,136.0,0.0,0.5710000000000001,174.31400000000002,0.741,0.72,6.716,0.0,0.027999999999999997,,,,,,,,,,,,,,,,,,,20250834.0,15.196,16.4,2.519,1.486,2014.306,,268.024,2.42,1.6,23.0,52.232,0.1,59.31,0.42700000000000005
MLT,Europe,Malta,2020-10-29,5760.0,76.0,104.85700000000001,56.0,1.0,1.429,13045.28,172.125,237.481,126.829,2.265,3.235,,,,,,,,,,,,,,,,,,,441539.0,1454.037,42.4,19.426,11.324000000000002,36513.323,0.2,168.71099999999998,8.83,20.9,30.2,,4.485,82.53,0.878
MHL,Oceania,Marshall Islands,2020-10-29,2.0,2.0,,,0.0,,33.787,33.787,,,0.0,,,,,,,,,,,,,,,,,,,,59194.0,295.15,,,,3819.202,,557.793,30.53,,,82.50200000000001,2.7,73.7,0.708
MRT,Africa,Mauritania,2020-10-29,7677.0,0.0,6.143,163.0,0.0,0.0,1651.088,0.0,1.321,35.056,0.0,0.0,,,,,,,,,,,,,,,,,,,4649660.0,4.289,20.3,3.138,1.7919999999999998,3597.633,6.0,232.347,2.42,,,15.95,,64.92,0.52
MUS,Africa,Mauritius,2020-10-29,441.0,2.0,3.1430000000000002,10.0,0.0,0.0,346.76199999999994,1.5730000000000002,2.471,7.8629999999999995,0.0,0.0,,,,,,,,,,,,,,,,,,,1271767.0,622.962,37.4,10.945,5.8839999999999995,20292.745,0.5,224.644,22.02,3.2,40.7,,3.4,74.99,0.79
MEX,North America,Mexico,2020-10-29,906863.0,5595.0,5614.857,90309.0,495.0,413.42900000000003,7033.611999999999,43.395,43.549,700.435,3.839,3.207,,,,,,,,,,,,,,,,,,,128932753.0,66.444,29.3,6.857,4.321000000000001,17336.468999999997,2.5,152.783,13.06,6.9,21.4,87.84700000000001,1.38,75.05,0.774
MDA,Europe,Moldova,2020-10-29,73321.0,861.0,647.143,1729.0,19.0,14.142999999999999,18175.923,213.438,160.424,428.611,4.71,3.5060000000000002,,,,,,,,,,,,,,,,,,,4033963.0,123.655,37.6,10.864,6.955,5189.972,0.2,408.50199999999995,5.72,5.9,44.6,86.979,5.8,71.9,0.7
MCO,Europe,Monaco,2020-10-29,337.0,17.0,9.142999999999999,1.0,0.0,0.0,8587.3,433.18699999999995,232.975,25.482,0.0,0.0,,,,,,,,,,,,,,,,,,,39244.0,19347.5,,,,,,,5.46,,,,13.8,86.75,
MNG,Asia,Mongolia,2020-10-29,340.0,0.0,1.714,,0.0,0.0,103.713,0.0,0.523,,0.0,0.0,,,,,,,,,,,,,,,,,,,3278292.0,1.98,28.6,4.031000000000001,2.421,11840.846000000001,0.5,460.043,4.82,5.5,46.5,71.18,7.0,69.87,0.741
MNE,Europe,Montenegro,2020-10-29,17392.0,301.0,189.0,282.0,7.0,4.571000000000001,27691.534,479.25199999999995,300.926,449.0,11.145,7.279,,,,,,,,,,,,,,,,,,,628062.0,46.28,39.1,14.762,9.395,16409.288,1.0,387.305,10.08,44.0,47.9,,3.861,76.88,0.8140000000000001
MSR,North America,Montserrat,2020-10-29,13.0,0.0,0.0,1.0,0.0,0.0,2600.52,0.0,0.0,200.04,0.0,0.0,,,,,,,,,,,,,,,,,,,4999.0,,,,,,,,,,,,,74.16,
MAR,Africa,Morocco,2020-10-29,207718.0,3985.0,3591.143,3506.0,61.0,58.428999999999995,5627.604,107.964,97.29299999999999,94.986,1.653,1.5830000000000002,,,,,,,,,,,,,,,,,,,36910558.0,80.08,29.6,6.769,4.209,7485.013000000001,1.0,419.14599999999996,7.14,0.8,47.1,,1.1,76.68,0.667
MOZ,Africa,Mozambique,2020-10-29,12415.0,142.0,154.857,91.0,2.0,1.714,397.211,4.543,4.955,2.911,0.064,0.055,,,,,,,,,,,,,,,,,,,31255435.0,37.728,17.7,3.158,1.87,1136.103,62.9,329.94199999999995,3.3,5.1,29.1,12.227,0.7,60.85,0.43700000000000006
MMR,Asia,Myanmar,2020-10-29,49072.0,1406.0,1339.4289999999999,1172.0,25.0,28.570999999999998,901.8960000000001,25.840999999999998,24.616999999999997,21.54,0.45899999999999996,0.525,,,,,,,,,,,,,,,,,,,54409794.0,81.721,29.1,5.732,3.12,5591.597,6.4,202.104,4.61,6.3,35.2,79.28699999999999,0.9,67.13,0.578
NAM,Africa,Namibia,2020-10-29,12806.0,77.0,57.143,133.0,0.0,0.0,5039.915,30.304000000000002,22.489,52.343,0.0,0.0,,,,,,,,,,,,,,,,,,,2540916.0,3.0780000000000003,22.0,3.552,2.085,9541.808,13.4,243.81099999999998,3.94,9.7,34.2,44.6,,63.71,0.647
NPL,Asia,Nepal,2020-10-29,162354.0,1954.0,2497.429,887.0,11.0,13.714,5572.1269999999995,67.063,85.714,30.443,0.37799999999999995,0.47100000000000003,,,,,,,,,,,,,,,,,,,29136808.0,204.43,25.0,5.809,3.2119999999999997,2442.804,15.0,260.797,7.26,9.5,37.8,47.782,0.3,70.78,0.574
NLD,Europe,Netherlands,2020-10-29,329321.0,17789.0,10925.714,7192.0,60.0,47.0,19219.343,1038.175,637.63,419.72900000000004,3.502,2.7430000000000003,,,,,,,,,,,,,,,,,,,17134873.0,508.54400000000004,43.2,18.779,11.880999999999998,48472.545,,109.361,5.29,24.4,27.3,,3.32,82.28,0.9309999999999999
NCL,Oceania,New Caledonia,2020-10-29,27.0,0.0,0.0,,0.0,0.0,94.574,0.0,0.0,,0.0,0.0,,,,,,,,,,,,,,,,,,,285491.0,15.342,33.4,9.954,6.489,,,,23.36,,,,,77.55,
NZL,Oceania,New Zealand,2020-10-29,1593.0,6.0,5.0,25.0,0.0,0.0,330.345,1.244,1.037,5.184,0.0,0.0,,,,,,,,,,,,,,,,,,,4822233.0,18.206,37.9,15.322000000000001,9.72,36085.843,,128.797,8.08,14.8,17.2,,2.61,82.29,0.917
NIC,North America,Nicaragua,2020-10-29,5514.0,0.0,11.429,156.0,0.0,0.14300000000000002,832.3580000000001,0.0,1.725,23.549,0.0,0.022000000000000002,,,,,,,,,,,,,,,,,,,6624554.0,51.667,27.3,5.445,3.5189999999999997,5321.444,3.2,137.016,11.47,,,,0.9,74.48,0.6579999999999999
NER,Africa,Niger,2020-10-29,1218.0,0.0,0.5710000000000001,69.0,0.0,0.0,50.317,0.0,0.024,2.85,0.0,0.0,,,,,,,,,,,,,,,,,,,24206636.0,16.955,15.1,2.553,1.3780000000000001,926.0,44.5,238.33900000000003,2.42,0.1,15.4,8.978,0.3,62.42,0.354
NGA,Africa,Nigeria,2020-10-29,62371.0,147.0,100.571,1139.0,4.0,2.0,302.567,0.713,0.488,5.525,0.019,0.01,,,,,,,,,,,,,,,,,,,206139587.0,209.588,18.1,2.7510000000000003,1.4469999999999998,5338.454000000001,,181.013,2.42,0.6,10.8,41.949,,54.69,0.532
MNP,Oceania,Northern Mariana Islands,2020-10-29,92.0,0.0,0.5710000000000001,2.0,0.0,0.0,1598.415,0.0,9.927999999999999,34.748000000000005,0.0,0.0,,,,,,,,,,,,,,,,,,,57557.0,119.87799999999999,,,,,,194.99400000000003,,,,,,76.74,
NOR,Europe,Norway,2020-10-29,18663.0,322.0,270.286,280.0,0.0,0.14300000000000002,3442.5690000000004,59.396,49.857,51.648999999999994,0.0,0.026000000000000002,,,,,,,,,,,,,,,,,,,5421242.0,14.462,39.7,16.820999999999998,10.812999999999999,64800.057,0.2,114.316,5.31,19.6,20.7,,3.6,82.4,0.953
OMN,Asia,Oman,2020-10-29,114434.0,614.0,421.42900000000003,1208.0,5.0,10.142999999999999,22408.943,120.236,82.52600000000001,236.55599999999998,0.9790000000000001,1.986,,,,,,,,,,,,,,,,,,,5106622.0,14.98,30.7,2.355,1.53,37960.709,,266.342,12.61,0.5,15.6,97.4,1.6,77.86,0.821
PAK,Asia,Pakistan,2020-10-29,331108.0,908.0,804.0,6775.0,16.0,10.429,1498.957,4.111000000000001,3.64,30.671,0.07200000000000001,0.047,,,,,,,,,,,,,,,,,,,220892331.0,255.57299999999998,23.5,4.495,2.78,5034.708,4.0,423.031,8.35,2.8,36.7,59.607,0.6,67.27,0.562
PSE,Asia,Palestine,2020-10-29,63614.0,450.0,492.85699999999997,536.0,8.0,5.428999999999999,12469.871000000001,88.211,96.61200000000001,105.069,1.568,1.064,,,,,,,,,,,,,,,,,,,5101416.0,778.202,20.4,3.043,1.726,4449.898,1.0,265.91,10.59,,,,,74.05,0.6859999999999999
PAN,North America,Panama,2020-10-29,131247.0,825.0,687.429,2663.0,13.0,9.429,30418.09,191.204,159.32,617.183,3.013,2.185,,,,,,,,,,,,,,,,,,,4314768.0,55.133,29.7,7.917999999999999,5.03,22267.037,2.2,128.346,8.33,2.4,9.9,,2.3,78.51,0.789
PNG,Oceania,Papua New Guinea,2020-10-29,588.0,0.0,0.7140000000000001,7.0,0.0,0.0,65.72,0.0,0.08,0.782,0.0,0.0,,,,,,,,,,,,,,,,,,,8947027.0,18.22,22.6,3.8080000000000003,2.142,3823.1940000000004,,561.494,17.65,23.5,48.8,,,64.5,0.544
PRY,South America,Paraguay,2020-10-29,61290.0,733.0,638.714,1359.0,32.0,15.571,8593.024,102.76899999999999,89.54899999999999,190.535,4.486000000000001,2.1830000000000003,,,,,,,,,,,,,,,,,,,7132530.0,17.144000000000002,26.5,6.377999999999999,3.833,8827.01,1.7,199.128,8.27,5.0,21.6,79.602,1.3,74.25,0.7020000000000001
PER,South America,Peru,2020-10-29,894928.0,2431.0,2577.571,34315.0,58.0,54.0,27142.187,73.73,78.175,1040.736,1.7590000000000001,1.6380000000000001,,,,,,,,,,,,,,,,,,,32971846.0,25.129,29.1,7.151,4.455,12236.706,3.5,85.755,5.95,4.8,,,1.6,76.74,0.75
PHL,Asia,Philippines,2020-10-29,375180.0,2036.0,1848.1429999999998,7114.0,61.0,52.428999999999995,3423.7659999999996,18.58,16.866,64.92,0.557,0.478,,,,,,,,,,,,,,,,,,,109581085.0,351.87300000000005,25.2,4.803,2.661,7599.188,,370.43699999999995,7.07,7.8,40.8,78.46300000000001,1.0,71.23,0.6990000000000001
POL,Europe,Poland,2020-10-29,299049.0,18820.0,13781.428999999998,4851.0,236.0,142.857,7901.607,497.27,364.139,128.175,6.236000000000001,3.775,,,,,,,,,,,,,,,,,,,37846605.0,124.027,41.8,16.762999999999998,10.202,27216.445,,227.331,5.91,23.3,33.1,,6.62,78.73,0.865
PRT,Europe,Portugal,2020-10-29,128392.0,3960.0,3160.143,2395.0,24.0,23.714000000000002,12591.516000000001,388.361,309.918,234.88,2.354,2.326,,,,,,,,,,,,,,,,,,,10196707.0,112.37100000000001,46.2,21.502,14.924000000000001,27936.896,0.5,127.84200000000001,9.85,16.3,30.0,,3.39,82.05,0.847
PRI,North America,Puerto Rico,2020-10-29,63587.0,90.0,679.571,813.0,5.0,5.571000000000001,22226.689,31.459,237.543,284.182,1.7480000000000002,1.9469999999999998,,,,,,,,,,,,,,,,,,,2860840.0,376.23199999999997,38.2,15.168,9.829,35044.67,,108.094,12.9,,,,,80.1,
QAT,Asia,Qatar,2020-10-29,131939.0,250.0,247.0,230.0,0.0,0.7140000000000001,45795.297999999995,86.774,85.73200000000001,79.832,0.0,0.248,,,,,,,,,,,,,,,,,,,2881060.0,227.322,31.9,1.307,0.617,116935.6,,176.69,16.52,0.8,26.9,,1.2,80.23,0.856
ROU,Europe,Romania,2020-10-29,222559.0,5343.0,4493.857,6681.0,107.0,88.0,11568.909,277.736,233.597,347.287,5.562,4.574,,,,,,,,,,,,,,,,,,,19237682.0,85.12899999999999,43.0,17.85,11.69,23313.199,5.7,370.94599999999997,9.74,22.9,37.1,,6.892,76.05,0.8109999999999999
RUS,Europe,Russia,2020-10-29,1563976.0,16202.0,16663.0,26935.0,346.0,283.286,10716.975,111.022,114.181,184.56900000000002,2.371,1.9409999999999998,,,,,,,,,,,,,,,,,,,145934460.0,8.823,39.6,14.177999999999999,9.392999999999999,24765.953999999998,0.1,431.29699999999997,6.18,23.4,58.3,,8.05,72.58,0.816
RWA,Africa,Rwanda,2020-10-29,5129.0,45.0,16.714000000000002,35.0,0.0,0.14300000000000002,395.994,3.4739999999999998,1.29,2.702,0.0,0.011000000000000001,,,,,,,,,,,,,,,,,,,12952209.0,494.869,20.3,2.9739999999999998,1.642,1854.211,56.0,191.375,4.28,4.7,21.0,4.617,,69.02,0.524
KNA,North America,Saint Kitts and Nevis,2020-10-29,19.0,0.0,0.0,,0.0,0.0,357.19699999999995,0.0,0.0,,0.0,0.0,,,,,,,,,,,,,,,,,,,53192.0,212.865,,,,24654.385,,,12.84,,,,2.3,76.23,0.778
LCA,North America,Saint Lucia,2020-10-29,73.0,10.0,4.857,,0.0,0.0,397.541,54.458,26.451,,0.0,0.0,,,,,,,,,,,,,,,,,,,183629.0,293.187,34.9,9.721,6.405,12951.839,,204.62,11.62,,,87.20200000000001,1.3,76.2,0.747
VCT,North America,Saint Vincent and the Grenadines,2020-10-29,74.0,0.0,0.857,,0.0,0.0,666.985,0.0,7.726,,0.0,0.0,,,,,,,,,,,,,,,,,,,110947.0,281.78700000000003,31.8,7.724,4.832,10727.146,,252.675,11.62,,,,2.6,72.53,0.723
SMR,Europe,San Marino,2020-10-29,927.0,75.0,21.857,42.0,0.0,0.0,27314.515,2209.9120000000003,644.0319999999999,1237.5510000000002,0.0,0.0,,,,,,,,,,,,,,,,,,,33938.0,556.6669999999999,,,,56861.47,,,5.64,,,,3.8,84.97,
STP,Africa,Sao Tome and Principe,2020-10-29,943.0,2.0,1.143,15.0,0.0,0.0,4302.773,9.126,5.215,68.443,0.0,0.0,,,,,,,,,,,,,,,,,,,219161.0,212.84099999999998,18.7,2.886,2.162,3052.7140000000004,32.3,270.113,2.42,,,41.34,2.9,70.39,0.589
SAU,Asia,Saudi Arabia,2020-10-29,346047.0,416.0,382.0,5348.0,19.0,16.143,9939.918,11.949000000000002,10.972999999999999,153.61700000000002,0.546,0.46399999999999997,,,,,,,,,,,,,,,,,,,34813867.0,15.322000000000001,31.9,3.295,1.845,49045.41099999999,,259.538,17.72,1.8,25.4,,2.7,75.13,0.853
SEN,Africa,Senegal,2020-10-29,15582.0,11.0,14.0,322.0,0.0,0.14300000000000002,930.6060000000001,0.657,0.836,19.230999999999998,0.0,0.009000000000000001,,,,,,,,,,,,,,,,,,,16743930.0,82.32799999999999,18.7,3.008,1.796,2470.58,38.0,241.21900000000002,2.42,0.4,16.6,20.859,,67.94,0.505
SRB,Europe,Serbia,2020-10-29,42208.0,1328.0,726.857,803.0,5.0,3.286,6202.866,195.162,106.819,118.008,0.735,0.483,,,,,,,,,,,,,,,,,,,6804596.0,80.291,41.2,17.366,,14048.881000000001,,439.415,10.08,37.7,40.2,97.719,5.609,76.0,0.787
SYC,Africa,Seychelles,2020-10-29,153.0,0.0,0.28600000000000003,,0.0,0.0,1555.8270000000002,0.0,2.905,,0.0,0.0,,,,,,,,,,,,,,,,,,,98340.0,208.354,36.2,8.606,5.586,26382.287,1.1,242.648,10.55,7.1,35.7,,3.6,73.4,0.797
SLE,Africa,Sierra Leone,2020-10-29,2354.0,4.0,2.4290000000000003,74.0,0.0,0.14300000000000002,295.099,0.501,0.304,9.277000000000001,0.0,0.018000000000000002,,,,,,,,,,,,,,,,,,,7976985.0,104.7,19.1,2.5380000000000003,1.285,1390.3,52.2,325.721,2.42,8.8,41.3,19.275,,54.7,0.419
SGP,Asia,Singapore,2020-10-29,57987.0,7.0,7.7139999999999995,28.0,0.0,0.0,9911.726999999999,1.197,1.319,4.7860000000000005,0.0,0.0,,,,,,,,,,,,,,,,,,,5850343.0,7915.731,42.4,12.922,7.0489999999999995,85535.383,,92.243,10.99,5.2,28.3,,2.4,83.62,0.932
SXM,North America,Sint Maarten (Dutch part),2020-10-29,805.0,16.0,5.143,22.0,0.0,0.0,18772.445,373.11699999999996,119.93,513.036,0.0,0.0,,,,,,,,,,,,,,,,,,,42882.0,1209.088,,,,36327.232,,,,,,,,78.95,
SVK,Europe,Slovakia,2020-10-29,48943.0,2887.0,2191.571,184.0,8.0,12.286,8964.506,528.789,401.413,33.702,1.465,2.25,,,,,,,,,,,,,,,,,,,5459643.0,113.12799999999999,41.2,15.07,9.167,30155.152000000002,0.7,287.959,7.29,23.1,37.7,,5.82,77.54,0.855
SVN,Europe,Slovenia,2020-10-29,28215.0,2612.0,1747.4289999999999,205.0,13.0,5.428999999999999,13571.872,1256.414,840.541,98.60799999999999,6.252999999999999,2.611,,,,,,,,,,,,,,,,,,,2078932.0,102.619,44.5,19.062,12.93,31400.84,,153.493,7.25,20.1,25.0,,4.5,81.32,0.8959999999999999
SLB,Oceania,Solomon Islands,2020-10-29,8.0,0.0,0.7140000000000001,,0.0,0.0,11.647,0.0,1.04,,0.0,0.0,,,,,,,,,,,,,,,,,,,686878.0,21.840999999999998,20.8,3.5069999999999997,2.043,2205.923,25.1,459.78,18.68,,,35.89,1.4,73.0,0.546
SOM,Africa,Somalia,2020-10-29,3941.0,0.0,7.2860000000000005,104.0,0.0,0.429,247.967,0.0,0.45799999999999996,6.544,0.0,0.027000000000000003,,,,,,,,,,,,,,,,,,,15893219.0,23.5,16.8,2.7310000000000003,1.496,,,365.769,6.05,,,9.831,0.9,57.4,
ZAF,Africa,South Africa,2020-10-29,719714.0,1863.0,1622.1429999999998,19111.0,58.0,52.857,12135.051000000001,31.412,27.351,322.22900000000004,0.978,0.8909999999999999,,,,,,,,,,,,,,,,,,38.89,59308690.0,46.754,27.3,5.343999999999999,3.053,12294.876,18.9,200.38,5.52,8.1,33.2,43.993,2.32,64.13,0.6990000000000001
KOR,Asia,South Korea,2020-10-29,26271.0,125.0,104.0,462.0,1.0,1.286,512.413,2.438,2.029,9.011000000000001,0.02,0.025,,,,,,,,,,,,,,,,,,,51269183.0,527.967,43.4,13.914000000000001,8.622,35938.373999999996,0.2,85.99799999999999,6.8,6.2,40.9,,12.27,83.03,0.903
SSD,Africa,South Sudan,2020-10-29,2890.0,0.0,2.8569999999999998,56.0,0.0,0.14300000000000002,258.18,0.0,0.255,5.003,0.0,0.013000000000000001,,,,,,,,,,,,,,,,,,,11193729.0,,19.2,3.4410000000000003,2.032,1569.888,,280.775,10.43,,,,,57.85,0.38799999999999996
LKA,Asia,Sri Lanka,2020-10-29,9205.0,335.0,461.0,19.0,0.0,0.857,429.874,15.645,21.529,0.887,0.0,0.04,,,,,,,,,,,,,,,,,,,21413250.0,341.955,34.1,10.068999999999999,5.331,11669.077,0.7,197.093,10.68,0.3,27.0,,3.6,76.98,0.77
SDN,Africa,Sudan,2020-10-29,13765.0,0.0,5.857,837.0,0.0,0.14300000000000002,313.916,0.0,0.134,19.088,0.0,0.003,,,,,,,,,,,,,,,,,,,43849269.0,23.258000000000003,19.7,3.548,2.0340000000000003,4466.5070000000005,,431.38800000000003,15.67,,,23.436999999999998,0.8,65.31,0.502
SUR,South America,Suriname,2020-10-29,5187.0,0.0,5.2860000000000005,111.0,0.0,0.28600000000000003,8841.97,0.0,9.01,189.215,0.0,0.48700000000000004,,,,,,,,,,,,,,,,,,,586634.0,3.612,29.6,6.933,4.229,13767.118999999999,,258.314,12.54,7.4,42.9,67.779,3.1,71.68,0.72
SWZ,Africa,Swaziland,2020-10-29,5886.0,11.0,11.571,116.0,0.0,0.0,5073.420999999999,9.481,9.974,99.986,0.0,0.0,,,,,,,,,,,,,,,,,,,1160164.0,79.492,21.5,3.1630000000000003,1.845,7738.975,,333.436,3.94,1.7,16.5,24.096999999999998,2.1,60.19,0.588
CHE,Europe,Switzerland,2020-10-29,135197.0,8155.0,6204.857,1953.0,24.0,14.0,15621.371000000001,942.2719999999999,716.942,225.66,2.773,1.618,,,,,,,,,,,,,,,,,,,8654618.0,214.243,43.1,18.436,12.644,57410.166,,99.73899999999999,5.59,22.6,28.9,,4.53,83.78,0.9440000000000001
SYR,Asia,Syria,2020-10-29,5580.0,52.0,50.857,278.0,3.0,3.0,318.845,2.971,2.906,15.885,0.171,0.171,,,,,,,,,,,,,,,,,,,17500657.0,,21.7,,2.577,,,376.264,,,,70.598,1.5,72.7,0.536
TWN,Asia,Taiwan,2020-10-29,553.0,3.0,1.286,7.0,0.0,0.0,23.219,0.126,0.054000000000000006,0.294,0.0,0.0,,,,,,,,,,,,,,,,,,,23816775.0,,42.2,,8.353,,,103.95700000000001,,,,,,80.46,
TJK,Asia,Tajikistan,2020-10-29,10900.0,40.0,41.0,82.0,1.0,0.28600000000000003,1142.84,4.194,4.2989999999999995,8.597999999999999,0.105,0.03,,,,,,,,,,,,,,,,,,,9537642.0,64.281,23.3,3.466,2.155,2896.913,4.8,427.69800000000004,7.11,,,72.704,4.8,71.1,0.65
TZA,Africa,Tanzania,2020-10-29,509.0,0.0,0.0,21.0,0.0,0.0,8.521,0.0,0.0,0.35200000000000004,0.0,0.0,,,,,,,,,,,,,,,,,,,59734213.0,64.699,17.7,3.108,1.874,2683.304,49.1,217.28799999999998,5.75,3.3,26.7,47.953,0.7,65.46,0.5379999999999999
THA,Asia,Thailand,2020-10-29,3763.0,4.0,6.2860000000000005,59.0,0.0,0.0,53.911,0.057,0.09,0.845,0.0,0.0,,,,,,,,,,,,,,,,,,,69799978.0,135.132,40.1,11.373,6.89,16277.671,0.1,109.861,7.04,1.9,38.8,90.67,2.1,77.15,0.755
TLS,Asia,Timor,2020-10-29,30.0,0.0,0.14300000000000002,,0.0,0.0,22.754,0.0,0.10800000000000001,,0.0,0.0,,,,,,,,,,,,,,,,,,,1318442.0,87.176,18.0,3.556,1.8969999999999998,6570.102,30.3,335.346,6.86,6.3,78.1,28.178,5.9,69.5,0.625
TGO,Africa,Togo,2020-10-29,2238.0,9.0,16.857,54.0,0.0,0.429,270.33099999999996,1.087,2.036,6.523,0.0,0.052000000000000005,,,,,,,,,,,,,,,,,,,8278737.0,143.366,19.4,2.839,1.525,1429.8129999999999,49.2,280.033,6.15,0.9,14.2,10.475,0.7,61.04,0.503
TTO,North America,Trinidad and Tobago,2020-10-29,5594.0,26.0,28.857,107.0,1.0,0.857,3997.1679999999997,18.578,20.62,76.456,0.715,0.612,,,,,,,,,,,,,,,,,,,1399491.0,266.88599999999997,36.2,10.014,5.819,28763.071,,228.467,10.97,,,89.443,3.0,73.51,0.784
TUN,Africa,Tunisia,2020-10-29,54278.0,1879.0,1198.0,1153.0,170.0,59.0,4592.584,158.986,101.365,97.55799999999999,14.384,4.992,,,,,,,,,,,,,,,,,,,11818618.0,74.22800000000001,32.7,8.001,5.075,10849.296999999999,2.0,318.991,8.52,1.1,65.8,78.687,2.3,76.7,0.735
TUR,Asia,Turkey,2020-10-29,368513.0,2305.0,2155.286,10027.0,77.0,73.429,4369.4220000000005,27.33,25.555,118.889,0.9129999999999999,0.871,,,,,,,,,,,,,,,,,,,84339067.0,104.914,31.6,8.152999999999999,5.061,25129.341,0.2,171.285,12.13,14.1,41.1,,2.81,77.69,0.7909999999999999
TCA,North America,Turks and Caicos Islands,2020-10-29,703.0,0.0,0.7140000000000001,6.0,0.0,0.0,18156.93,0.0,18.448,154.967,0.0,0.0,,,,,,,,,,,,,,,,,,,38718.0,37.312,,,,,,,,,,,,80.22,
UGA,Africa,Uganda,2020-10-29,11767.0,146.0,119.14299999999999,106.0,3.0,1.143,257.253,3.1919999999999997,2.605,2.3169999999999997,0.066,0.025,,,,,,,,,,,,,,,,,,,45741000.0,213.75900000000001,16.4,2.168,1.308,1697.707,41.6,213.333,2.5,3.4,16.7,21.221999999999998,0.5,63.37,0.516
UKR,Europe,Ukraine,2020-10-29,363075.0,7474.0,6749.857,6755.0,165.0,118.286,8301.939,170.898,154.34,154.457,3.773,2.705,,,,,,,,,,,,,,,,,,,43733759.0,77.39,41.4,16.462,11.133,7894.393,0.1,539.849,7.11,13.5,47.4,,8.8,72.06,0.7509999999999999
ARE,Asia,United Arab Emirates,2020-10-29,129024.0,1400.0,1413.1429999999998,485.0,3.0,1.857,13045.377,141.55100000000002,142.88,49.037,0.303,0.188,,,,,,,,,,,,,,,,,,,9890400.0,112.44200000000001,34.0,1.1440000000000001,0.526,67293.483,,317.84,17.26,1.2,37.4,,1.2,77.97,0.863
GBR,Europe,United Kingdom,2020-10-29,942275.0,24700.0,21863.714,45675.0,310.0,216.71400000000003,13880.253999999999,363.845,322.065,672.819,4.566,3.1919999999999997,,,,,,,,,,,,,,,,,,,67886004.0,272.89799999999997,40.8,18.517,12.527000000000001,39753.244,0.2,122.137,4.28,20.0,24.7,,2.54,81.32,0.922
USA,North America,United States,2020-10-29,8858024.0,78371.0,74534.571,227700.0,977.0,785.571,26761.188,236.768,225.178,687.91,2.952,2.373,,,,,,,,,,,,,,,,,,,331002647.0,35.608000000000004,38.3,15.413,9.732000000000001,54225.445999999996,1.2,151.089,10.79,19.1,24.6,,2.77,78.86,0.924
VIR,North America,United States Virgin Islands,2020-10-29,1353.0,0.0,1.429,21.0,0.0,0.0,12956.916000000001,0.0,13.681,201.105,0.0,0.0,,,,,,,,,,,,,,,,,,,104423.0,306.48,42.2,18.601,10.799000000000001,,,273.67,12.26,,,,,80.58,
URY,South America,Uruguay,2020-10-29,2981.0,65.0,45.428999999999995,55.0,1.0,0.28600000000000003,858.1560000000001,18.712,13.078,15.833,0.28800000000000003,0.08199999999999999,,,,,,,,,,,,,,,,,,,3473727.0,19.750999999999998,35.6,14.655,10.360999999999999,20551.409,0.1,160.708,6.93,14.0,19.9,,2.8,77.91,0.804
UZB,Asia,Uzbekistan,2020-10-29,66313.0,276.0,282.57099999999997,560.0,3.0,3.1430000000000002,1981.3139999999999,8.246,8.443,16.732,0.09,0.094,,,,,,,,,,,,,,,,,,,33469199.0,76.134,28.2,4.468999999999999,2.873,6253.104,,724.4169999999999,7.57,1.3,24.7,,4.0,71.72,0.71
VAT,Europe,Vatican,2020-10-29,26.0,0.0,0.0,,0.0,0.0,32138.443,0.0,0.0,,0.0,0.0,,,,,,,,,,,,,,,,,,,809.0,,,,,,,,,,,,,75.12,
VEN,South America,Venezuela,2020-10-29,90876.0,476.0,405.85699999999997,784.0,4.0,4.428999999999999,3195.815,16.739,14.273,27.570999999999998,0.141,0.156,,,,,,,,,,,,,,,,,,,28435943.0,36.253,29.0,6.614,3.915,16745.022,,204.85,6.47,,,,0.8,72.06,0.7609999999999999
VNM,Asia,Vietnam,2020-10-29,1173.0,1.0,4.0,35.0,0.0,0.0,12.050999999999998,0.01,0.040999999999999995,0.36,0.0,0.0,,,,,,,,,,,,,,,,,,,97338583.0,308.127,32.6,7.15,4.718,6171.884,2.0,245.465,6.0,1.0,45.9,85.84700000000001,2.6,75.4,0.6940000000000001
WLF,Oceania,Wallis and Futuna,2020-10-29,1.0,0.0,0.0,,0.0,0.0,88.921,0.0,0.0,,0.0,0.0,,,,,,,,,,,,,,,,,,,11246.0,,,,,,,,,,,,,79.94,
ESH,Africa,Western Sahara,2020-10-29,766.0,0.0,0.0,1.0,0.0,0.0,1282.373,0.0,0.0,1.6740000000000002,0.0,0.0,,,,,,,,,,,,,,,,,,,597330.0,,28.4,,1.38,,,,,,,,,70.26,
YEM,Asia,Yemen,2020-10-29,2064.0,0.0,0.429,600.0,0.0,0.14300000000000002,69.20100000000001,0.0,0.013999999999999999,20.117,0.0,0.005,,,,,,,,,,,,,,,,,,,29825968.0,53.508,20.3,2.9219999999999997,1.5830000000000002,1479.1470000000002,18.8,495.00300000000004,5.35,7.6,29.2,49.542,0.7,66.12,0.452
ZMB,Africa,Zambia,2020-10-29,16325.0,82.0,46.428999999999995,392.0,44.0,6.571000000000001,888.003,4.46,2.525,21.323,2.3930000000000002,0.35700000000000004,,,,,,,,,,,,,,,,,,,18383956.0,22.995,17.7,2.48,1.5419999999999998,3689.2509999999997,57.5,234.49900000000002,3.94,3.1,24.7,13.937999999999999,2.0,63.89,0.588
ZWE,Africa,Zimbabwe,2020-10-29,8320.0,5.0,15.0,242.0,0.0,0.857,559.7819999999999,0.336,1.0090000000000001,16.282,0.0,0.057999999999999996,,,,,,,,,,,,,,,,,,71.3,14862927.0,42.729,19.6,2.822,1.882,1899.775,21.4,307.846,1.82,1.6,30.7,36.791,1.7,61.49,0.535
